date,ndvi,validpixelratio,qualitystatus,year
2024-04-01,0.5666,0.84,usable,2024
2024-04-15,0.6626,0.91,usable,2024
2024-04-29,0.7498,0.73,usable,2024
2024-05-13,0.8443,0.83,usable,2024
2024-05-27,0.8822,0.86,usable,2024
2024-06-10,0.9,0.94,usable,2024
2024-06-24,0.9,0.86,usable,2024
2024-07-08,0.9,0.77,usable,2024
2024-07-22,0.9,0.95,usable,2024
2024-08-05,0.8691,0.84,usable,2024
2024-08-19,0.8214,0.73,usable,2024
2024-09-02,0.7059,0.89,usable,2024
2024-09-16,0.6619,0.83,usable,2024
2024-09-30,0.5461,0.87,usable,2024
2024-10-14,0.4675,0.76,usable,2024
2024-10-28,0.3707,0.73,usable,2024
2024-11-11,0.2,0.8,questionable,2024
2024-11-25,0.2,0.92,questionable,2024
2024-12-09,0.2,0.75,questionable,2024
2024-12-23,0.2,0.77,questionable,2024
2025-01-06,0.2,0.83,questionable,2025
2025-01-20,0.2,0.92,questionable,2025
2025-02-03,0.2519,0.88,questionable,2025
2025-02-17,0.3179,0.89,usable,2025
2025-03-03,0.3472,0.79,usable,2025
2025-03-17,0.4441,0.89,usable,2025
2025-03-31,0.5486,1.0,usable,2025
2025-04-14,0.621,0.76,usable,2025
2025-04-28,0.7737,0.96,usable,2025
2025-05-12,0.8413,0.92,usable,2025
2025-05-26,0.9,0.84,usable,2025
2025-06-09,0.8696,0.81,usable,2025
2025-06-23,0.9,0.73,usable,2025
2025-07-07,0.8276,0.87,usable,2025
2025-07-21,0.789,0.91,usable,2025
2025-08-04,0.7788,1.0,usable,2025
2025-08-18,0.7156,0.8,usable,2025
2025-09-01,0.7084,0.78,usable,2025
2025-09-15,0.6785,0.8,usable,2025
2025-09-29,0.542,0.91,usable,2025
2025-10-13,0.4206,0.83,usable,2025
2025-10-27,0.2864,0.76,questionable,2025
2025-11-10,0.2588,0.88,questionable,2025
2025-11-24,0.2662,0.85,questionable,2025
2025-12-08,0.2,0.86,questionable,2025
2025-12-22,0.2,0.92,questionable,2025
2026-01-05,0.2,0.77,questionable,2026
2026-01-19,0.2132,0.88,questionable,2026
2026-02-02,0.2715,0.85,questionable,2026
2026-02-16,0.3648,0.82,usable,2026
2026-03-02,0.4298,0.86,usable,2026
2026-03-16,0.4356,0.76,usable,2026
2026-03-30,0.5457,0.96,usable,2026
2026-04-13,0.6798,0.91,usable,2026
2026-04-27,0.6419,0.91,usable,2026
2026-05-11,0.8382,0.81,usable,2026
2026-05-25,0.8545,0.85,usable,2026
2026-06-08,0.9,0.77,usable,2026
2026-06-22,0.9,0.96,usable,2026
2026-07-06,0.9,0.82,usable,2026
2026-07-20,0.9,0.75,usable,2026
2026-08-03,0.8884,0.75,usable,2026
2026-08-17,0.8514,0.85,usable,2026
2026-08-31,0.8283,0.87,usable,2026
2026-09-14,0.7018,0.75,usable,2026
2026-09-28,0.5468,0.88,usable,2026
