date,tavg,tmin,tmax,prcp,et0
2024-04-01,7.3125,6.3,9.0,5.4,1.118496878002431
2024-04-02,7.554166666666667,5.9,9.6,2.6,1.3364207266668475
2024-04-03,8.299999999999999,6.5,11.6,5.6,1.6325994931747196
2024-04-04,9.466666666666667,7.6,12.1,9.8,1.619140533343545
2024-04-05,12.483333333333334,9.9,15.1,4.2,1.9533272437279867
2024-04-06,16.708333333333332,11.3,21.5,0.0,3.1495502112909786
2024-04-07,15.533333333333333,11.6,18.4,3.0,2.5092505386779527
2024-04-08,14.533333333333333,10.0,20.0,3.8,2.9811195460108197
2024-04-09,8.700000000000001,5.5,14.3,0.4,2.3145476925996977
2024-04-10,7.2625,3.7,12.1,0.0,2.1593602363773337
2024-04-11,10.070833333333333,6.1,13.9,0.0,2.3359998821127124
2024-04-12,13.341666666666669,10.5,16.9,0.4,2.3864617474795686
2024-04-13,16.599999999999998,11.9,22.3,0.0,3.3913893740779035
2024-04-14,11.120833333333332,7.9,14.5,0.0,2.29191389057209
2024-04-15,4.9125000000000005,0.5,10.4,11.3,2.224049188187159
2024-04-16,3.5833333333333335,0.8,5.8,15.8,1.5010743132218392
2024-04-17,2.0124999999999997,-0.2,5.3,7.5,1.4712152948463983
2024-04-18,4.083333333333333,0.3,7.5,0.7,1.8749225085740422
2024-04-19,4.483333333333333,2.2,7.1,19.4,1.588050272230579
2024-04-20,3.025,1.5,5.4,7.9,1.334813425212285
2024-04-21,1.8625,-0.9,6.6,5.300000000000001,1.7616712694763492
2024-04-22,1.4083333333333332,-1.8,6.0,1.2,1.768805543459607
2024-04-23,2.3541666666666665,-2.1,5.5,0.4,1.846026797442174
2024-04-24,1.8166666666666667,0.5,4.3,8.0,1.280096118058379
2024-04-25,3.0750000000000006,0.4,6.4,1.8,1.7243409909682779
2024-04-26,7.175,3.2,10.3,0.2,2.2604127921518553
2024-04-27,9.625,4.9,14.8,0.4,2.9517952930291997
2024-04-28,10.4,7.5,11.7,1.1,1.9906818350634268
2024-04-29,10.179166666666667,5.6,14.8,0.0,2.943068506140981
2024-04-30,14.654166666666667,9.5,21.0,1.1,3.8421333508011695
2024-05-01,16.287499999999998,10.0,21.5,0.0,4.061781706958628
2024-05-02,12.966666666666667,8.0,17.1,21.5,3.2819464563452434
2024-05-03,8.3375,6.1,12.3,9.100000000000001,2.3157237968584337
2024-05-04,8.608333333333333,5.6,12.9,7.0,2.5542580969222684
2024-05-05,9.954166666666667,6.2,13.3,0.0,2.663142859809448
2024-05-06,10.966666666666667,9.7,12.8,10.2,1.834517099332677
2024-05-07,10.3125,8.4,14.6,1.3,2.549768672130815
2024-05-08,8.579166666666666,6.9,11.4,1.2000000000000002,2.049589899886997
2024-05-09,11.674999999999999,5.7,16.3,0.1,3.533791455704663
2024-05-10,14.104166666666666,8.9,18.5,0.0,3.659252083754884
2024-05-11,16.754166666666666,12.0,21.4,0.0,3.9417552889546457
2024-05-12,17.537499999999998,11.9,22.4,0.0,4.28166705849968
2024-05-13,15.616666666666667,12.0,20.4,1.5,3.6390134422989404
2024-05-14,17.25,12.7,23.5,0.2,4.3483134818589875
2024-05-15,12.220833333333333,11.3,13.5,11.4,1.6886393341235248
2024-05-16,12.020833333333334,9.3,14.9,8.8,2.6880696291233495
2024-05-17,10.458333333333334,9.6,11.4,31.299999999999997,1.450359549198615
2024-05-18,10.883333333333333,9.8,14.6,6.4,2.4140804239314444
2024-05-19,11.625,9.6,15.1,7.6,2.6616477552845694
2024-05-20,12.908333333333331,9.1,16.5,0.2,3.234588099022381
2024-05-21,12.737500000000002,11.1,14.4,15.8,2.15612767220417
2024-05-22,11.808333333333332,9.6,15.7,1.5,2.8526156156425366
2024-05-23,13.183333333333332,9.1,17.7,0.0,3.5568493519668483
2024-05-24,11.283333333333331,9.6,12.7,14.1,2.01131644082945
2024-05-25,12.683333333333332,10.2,16.8,0.9,3.0860343992549217
2024-05-26,14.266666666666666,11.0,19.2,1.0,3.629793261224986
2024-05-27,11.458333333333334,8.4,14.6,12.7,2.888453396726059
2024-05-28,11.145833333333334,6.8,15.4,3.9000000000000004,3.3751892354192563
2024-05-29,12.616666666666667,11.8,14.0,13.9,1.7987589005765503
2024-05-30,11.2875,9.5,13.1,2.7,2.2061709509444465
2024-05-31,11.183333333333332,9.2,14.5,2.0,2.6738914915343246
2024-06-01,12.345833333333331,10.6,14.7,7.0,2.4518693242204708
2024-06-02,10.979166666666666,9.0,12.5,0.7000000000000001,2.1674825453570703
2024-06-03,9.437500000000002,7.4,12.0,0.0,2.356674434875271
2024-06-04,13.612499999999999,8.0,17.8,1.1,3.9748789292221147
2024-06-05,11.208333333333334,7.9,13.1,5.199999999999999,2.67875323121961
2024-06-06,11.695833333333335,7.2,16.1,0.0,3.5695121479105163
2024-06-07,12.883333333333335,6.4,18.3,0.0,4.300502977618285
2024-06-08,13.658333333333331,8.7,19.2,0.0,4.147714144060814
2024-06-09,12.25,7.8,16.6,0.0,3.6319907990310947
2024-06-10,8.633333333333333,6.0,12.1,6.4,2.6631863144142476
2024-06-11,9.133333333333333,6.3,12.9,1.4000000000000001,2.825647001912704
2024-06-12,8.566666666666668,6.2,11.0,0.5,2.36128398122092
2024-06-13,11.883333333333335,5.5,16.5,0.0,4.027572640320217
2024-06-14,13.5625,10.0,18.3,2.1,3.6990617879586436
2024-06-15,12.391666666666666,9.2,16.0,7.3999999999999995,3.2250499150012977
2024-06-16,12.183333333333332,10.6,14.3,4.3999999999999995,2.3636015903296395
2024-06-17,14.933333333333332,11.6,18.6,1.9000000000000001,3.5503973079131756
2024-06-18,16.145833333333332,13.7,19.3,14.9,3.293881899629223
2024-06-19,14.125,12.4,16.5,0.4,2.650854286345224
2024-06-20,15.558333333333332,11.6,19.2,1.0,3.7709894787365608
2024-06-21,14.720833333333331,10.1,19.5,9.100000000000001,4.087865721790027
2024-06-22,12.895833333333334,10.9,15.3,2.5,2.639060504045653
2024-06-23,16.033333333333335,11.4,20.8,0.0,4.2498202271307095
2024-06-24,18.954166666666666,12.2,24.4,0.0,5.2566894809581735
2024-06-25,21.162499999999998,15.5,25.7,0.0,5.091930098426827
2024-06-26,22.15416666666667,17.7,26.4,0.0,4.81850883221722
2024-06-27,22.054166666666664,16.3,26.1,3.2,5.096580240256256
2024-06-28,16.179166666666667,12.5,20.5,0.1,3.921901289391001
2024-06-29,17.854166666666668,10.8,23.6,6.2,5.199322497959759
2024-06-30,14.970833333333333,13.0,18.6,13.3,3.1568300083134933
2024-07-01,12.695833333333335,10.4,15.2,2.9000000000000004,2.7159057444074914
2024-07-02,12.15,10.1,14.1,9.9,2.4311395804435723
2024-07-03,10.762499999999998,9.5,12.4,4.199999999999999,1.9708491744420564
2024-07-04,13.5625,10.3,17.5,8.0,3.403735173219921
2024-07-05,14.204166666666666,9.8,20.0,0.9,4.126212977613586
2024-07-06,15.299999999999999,10.1,19.0,0.6000000000000001,3.978136670382759
2024-07-07,13.041666666666666,8.4,17.1,0.0,3.656884701019501
2024-07-08,15.720833333333331,10.1,19.1,0.0,4.033223939965105
2024-07-09,21.0625,15.2,28.7,0.0,5.712966504870152
2024-07-10,18.325,15.3,22.6,5.4,3.895169588744701
2024-07-11,17.083333333333332,13.0,20.5,0.8,3.8022782033702964
2024-07-12,12.695833333333335,10.6,16.4,22.6,2.9149631312234408
2024-07-13,12.216666666666669,9.2,16.2,0.9,3.1428114822155284
2024-07-14,15.4,10.6,19.6,0.30000000000000004,3.9295188768002074
2024-07-15,18.120833333333334,11.3,25.1,1.5,5.247881097106039
2024-07-16,15.233333333333334,12.8,17.4,4.7,2.7771034213449326
2024-07-17,16.233333333333334,12.8,21.0,1.5,3.8069698151759996
2024-07-18,20.1375,15.0,25.2,0.0,4.716160296043788
2024-07-19,21.662500000000005,17.8,25.4,0.0,4.218977702771055
2024-07-20,23.587500000000002,18.9,28.5,0.8,4.954056094559546
2024-07-21,19.958333333333332,17.0,22.8,6.6,3.4991877289254467
2024-07-22,17.204166666666666,15.1,20.4,2.8000000000000003,3.0883486674152616
2024-07-23,16.370833333333334,13.4,19.5,3.6,3.220780217659057
2024-07-24,15.137500000000001,12.6,20.1,1.3000000000000003,3.4274994271570614
2024-07-25,18.037499999999998,12.4,23.0,0.0,4.413729192650601
2024-07-26,17.920833333333334,15.8,21.6,9.4,3.239311791832301
2024-07-27,15.929166666666665,13.4,18.5,8.5,2.8546510023619915
2024-07-28,16.004166666666666,11.6,20.8,0.0,3.823969669275349
2024-07-29,19.683333333333334,13.9,25.1,0.0,4.655090113995911
2024-07-30,22.941666666666666,18.6,28.1,0.0,4.636117749393107
2024-07-31,20.98333333333333,18.2,24.1,0.0,3.4597137911745923
2024-08-01,18.75,16.8,20.3,12.700000000000001,2.4977419211099843
2024-08-02,19.395833333333332,14.8,24.0,0.1,4.098389337945104
2024-08-03,17.8125,15.8,19.8,0.30000000000000004,2.572751215941126
2024-08-04,16.379166666666666,14.3,19.0,3.5,2.6610761057805323
2024-08-05,18.495833333333334,14.2,23.6,0.0,3.9727399679687916
2024-08-06,20.82916666666667,15.5,25.8,0.0,4.399128625017084
2024-08-07,16.85833333333333,15.1,19.0,3.3999999999999995,2.4136617851511923
2024-08-08,16.60833333333333,13.4,20.6,0.30000000000000004,3.235267842953442
2024-08-09,19.2625,17.2,21.5,1.7,2.6756735924128368
2024-08-10,18.041666666666668,12.5,23.7,0.0,4.148440645375943
2024-08-11,20.599999999999998,14.1,25.7,0.0,4.4927342559548675
2024-08-12,25.099999999999998,19.6,30.9,0.3,4.919816909003296
2024-08-13,24.650000000000002,18.3,31.8,0.3,5.283694625413554
2024-08-14,18.008333333333333,15.1,20.2,17.1,2.719828555950294
2024-08-15,19.412499999999998,14.2,24.2,0.0,3.928968911820925
2024-08-16,19.150000000000002,15.6,22.1,1.7000000000000002,3.1218799111432762
2024-08-17,17.904166666666665,16.3,20.0,23.799999999999997,2.258696014740137
2024-08-18,16.27916666666667,13.8,19.5,5.1,2.655184458545687
2024-08-19,15.483333333333334,10.1,20.5,0.0,3.4751944168587614
2024-08-20,17.483333333333334,12.7,22.3,1.9,3.51111384749071
2024-08-21,13.904166666666669,11.1,16.7,0.2,2.389959642357765
2024-08-22,15.729166666666666,10.3,20.7,0.0,3.4158306942751926
2024-08-23,17.254166666666666,14.3,19.1,3.0999999999999996,2.4056351374903926
2024-08-24,21.0625,15.8,27.3,5.7,4.0925815665652445
2024-08-25,13.487499999999999,11.0,17.3,0.30000000000000004,2.4173657182778285
2024-08-26,13.791666666666666,9.5,18.2,0.0,2.8428371917508706
2024-08-27,17.366666666666667,11.4,23.6,0.0,3.7135079202323777
2024-08-28,21.375,15.5,27.3,0.0,4.030985241151565
2024-08-29,21.295833333333334,17.1,25.5,0.0,3.3624326275055743
2024-08-30,16.650000000000002,14.7,19.4,0.0,2.1952196246864744
2024-08-31,19.425,13.2,25.6,0.0,3.815711807033582
2024-09-01,23.5,19.6,28.7,0.0,3.5910759778677406
2024-09-02,18.441666666666666,15.4,20.6,0.0,2.358418863812034
2024-09-03,18.120833333333334,14.3,21.6,0.0,2.741633784293209
2024-09-04,15.825000000000001,13.3,17.5,8.100000000000001,1.9266912254714907
2024-09-05,18.59166666666667,14.2,24.4,6.6000000000000005,3.215760484772566
2024-09-06,15.987499999999999,13.7,18.0,0.3,1.918055624470336
2024-09-07,19.504166666666666,14.2,24.4,1.5,3.2266379082980308
2024-09-08,16.254166666666666,13.4,19.1,6.3,2.1779851690858165
2024-09-09,13.066666666666668,11.4,14.3,31.299999999999997,1.3925886364998565
2024-09-10,11.933333333333332,10.6,14.4,4.5,1.5184090619607866
2024-09-11,9.620833333333334,5.8,12.0,12.3,1.7684040684528832
2024-09-12,6.537499999999999,4.6,9.0,1.1,1.3070471983939713
2024-09-13,7.658333333333334,4.7,10.3,2.5,1.5245063918367474
2024-09-14,7.783333333333334,4.4,12.2,0.0,1.7867277343867205
2024-09-15,10.362499999999999,5.0,14.5,0.0,2.144707558645107
2024-09-16,12.683333333333332,9.6,15.3,0.5,1.7764321633872
2024-09-17,12.975,11.3,15.5,0.0,1.5206098255997529
2024-09-18,16.3625,11.5,21.5,0.0,2.572313540967189
2024-09-19,17.170833333333334,12.0,21.3,0.0,2.507459450384288
2024-09-20,15.879166666666668,12.3,20.8,0.0,2.279306509169932
2024-09-21,16.991666666666667,13.9,22.4,0.0,2.324318468689521
2024-09-22,17.179166666666667,14.2,21.5,0.8,2.1374436924097053
2024-09-23,14.341666666666667,11.6,16.5,0.6,1.5879517167646553
2024-09-24,12.083333333333334,10.6,14.8,17.3,1.3486716295907508
2024-09-25,12.170833333333334,10.9,13.2,11.8,0.9874884186631651
2024-09-26,13.237500000000002,11.6,15.4,15.9,1.2965823325611627
2024-09-27,10.208333333333334,8.6,12.7,6.6000000000000005,1.1986410988345297
2024-09-28,7.254166666666666,4.7,8.7,3.2,1.044347516973536
2024-09-29,7.208333333333333,3.0,10.9,0.1,1.44442785514967
2024-09-30,10.1875,6.9,13.3,4.2,1.434340358401939
2024-10-01,10.416666666666666,8.4,12.3,1.7000000000000002,1.1126935346661224
2024-10-02,9.325000000000001,5.8,13.8,0.4,1.5098417393053787
2024-10-03,7.291666666666667,5.8,9.0,0.0,0.8704441913224602
2024-10-04,7.262499999999999,4.2,11.6,0.0,1.3026808157337768
2024-10-05,8.525,4.6,12.8,0.0,1.418982517918605
2024-10-06,9.275,5.9,11.8,0.0,1.2193936802025007
2024-10-07,14.291666666666666,12.3,17.0,3.6,1.27052541869525
2024-10-08,13.758333333333333,12.5,15.0,0.5,0.8973567739306151
2024-10-09,12.200000000000001,11.0,13.9,42.3,0.9046651528230506
2024-10-10,9.295833333333334,6.7,10.7,22.7,0.9447908791939986
2024-10-11,6.545833333333333,3.9,8.8,1.9,0.9249367453563802
2024-10-12,7.229166666666667,3.9,10.0,2.6,1.044333094746911
2024-10-13,6.525000000000001,4.4,9.5,1.3,0.9133936802807997
2024-10-14,7.7625,4.7,10.8,3.8000000000000003,1.033085854104581
2024-10-15,10.679166666666667,9.5,12.3,0.0,0.7673266378516431
2024-10-16,14.8125,11.5,18.8,0.0,1.3959988270942632
2024-10-17,15.1625,12.5,17.9,1.8,1.1939440794503409
2024-10-18,13.454166666666666,12.0,15.0,3.3,0.8300936420498696
2024-10-19,11.899999999999999,10.2,13.5,11.4,0.8138231543079651
2024-10-20,12.237499999999999,9.1,14.9,0.2,1.0733009048967959
2024-10-21,14.404166666666667,12.0,15.8,1.2,0.9161071907791908
2024-10-22,9.541666666666666,7.0,14.3,2.2,1.0602344649724968
2024-10-23,9.166666666666666,4.9,14.2,0.0,1.1607389327421465
2024-10-24,8.741666666666667,6.2,10.7,0.2,0.7815032688256403
2024-10-25,12.725,10.1,16.6,0.4,1.0622399104305171
2024-10-26,14.570833333333335,10.6,20.8,0.0,1.387601588382993
2024-10-27,12.066666666666668,10.4,13.2,1.9,0.6595795997811492
2024-10-28,12.391666666666666,9.9,14.3,0.0,0.8218624033361751
2024-10-29,11.391666666666666,9.1,15.4,0.0,0.934967303476799
2024-10-30,10.666666666666666,8.5,12.9,0.2,0.7492262081737182
2024-10-31,9.491666666666667,6.8,13.6,0.0,0.8780564773957605
2024-11-01,7.654166666666666,6.6,9.6,0.0,0.534877969678235
2024-11-02,8.416666666666666,6.7,9.4,0.1,0.5139317592292116
2024-11-03,7.904166666666668,5.6,12.5,0.0,0.7921422445016368
2024-11-04,9.191666666666666,4.5,16.4,0.0,1.0743109180515904
2024-11-05,5.895833333333333,1.7,11.9,0.0,0.8587723580635285
2024-11-06,7.358333333333334,4.9,8.3,0.0,0.5177723762801842
2024-11-07,5.433333333333334,1.9,9.3,0.0,0.6938953193466163
2024-11-08,2.3249999999999997,1.2,3.5,0.0,0.3296537956953534
2024-11-09,6.016666666666667,3.6,7.6,0.0,0.5061846691560531
2024-11-10,8.045833333333334,6.0,9.8,0.2,0.5268338146209789
2024-11-11,6.333333333333333,5.1,7.7,6.4,0.4004495251691238
2024-11-12,5.675,4.8,6.3,8.1,0.29121417498012137
2024-11-13,4.270833333333333,1.5,5.7,0.7999999999999999,0.45101714040091684
2024-11-14,6.158333333333332,5.2,7.3,1.7,0.3408640994395548
2024-11-15,5.075,3.8,5.9,0.2,0.3205045631750621
2024-11-16,3.129166666666667,2.1,4.6,0.0,0.3151543071929722
2024-11-17,3.991666666666667,2.6,5.1,5.7,0.323292295203185
2024-11-18,3.85,2.9,5.0,9.1,0.29009368204280694
2024-11-19,5.1,-0.1,8.2,22.0,0.6012981096603811
2024-11-20,-0.32499999999999996,-1.2,0.6,5.6,0.2106826236673965
2024-11-21,-2.283333333333333,-3.8,-0.9,1.1,0.23418266117183176
2024-11-22,-1.1083333333333334,-3.4,0.3,6.3,0.28071697065956847
2024-11-23,1.3375000000000001,-1.0,6.4,2.4,0.4491748955130948
2024-11-24,10.966666666666669,5.4,14.1,0.6,0.7226901839885604
2024-11-25,10.383333333333333,6.4,13.7,6.0,0.640463482326107
2024-11-26,5.724999999999999,4.3,7.1,0.1,0.32707140716185307
2024-11-27,6.325,4.0,9.2,2.0,0.4517089679169237
2024-11-28,3.4125,0.6,5.1,0.9,0.36526889553652164
2024-11-29,1.5791666666666668,-0.6,4.7,0.0,0.35816908607374504
2024-11-30,2.4,0.4,5.7,0.0,0.36939153514081424
2024-12-01,2.795833333333333,0.4,5.9,0.0,0.3797775900949964
2024-12-02,6.1625000000000005,4.0,8.6,2.7,0.40017067580609395
2024-12-03,3.141666666666667,1.0,4.7,2.1,0.31075102253706016
2024-12-04,1.6625000000000003,0.9,2.5,0.0,0.18824862587107086
2024-12-05,2.6166666666666667,1.1,6.0,10.4,0.34272118303444105
2024-12-06,4.545833333333333,2.8,7.9,10.600000000000001,0.3797013464310126
2024-12-07,4.670833333333333,2.9,6.6,7.0,0.32285363267243994
2024-12-08,3.391666666666667,1.6,4.9,0.7,0.2856014976977525
2024-12-09,1.5916666666666668,0.5,2.7,2.8,0.21205565531854545
2024-12-10,2.170833333333334,1.8,2.7,0.9,0.13888723541660258
2024-12-11,0.6083333333333333,-1.3,1.6,0.0,0.22862323543321852
2024-12-12,-1.925,-3.1,-0.5,0.0,0.18582897697501707
2024-12-13,-2.3541666666666665,-3.5,-1.8,0.0,0.1456137389154015
2024-12-14,-0.7625000000000001,-2.7,1.6,1.2000000000000002,0.25457188918473345
2024-12-15,3.85,1.5,6.5,0.2,0.3478322400003139
2024-12-16,6.720833333333334,5.7,7.3,2.3,0.22234819652691973
2024-12-17,4.741666666666666,3.6,5.7,0.1,0.23377717198728332
2024-12-18,6.941666666666666,3.4,9.5,1.7000000000000002,0.4368438012415985
2024-12-19,5.758333333333333,0.4,11.0,14.1,0.5480426680306877
2024-12-20,1.3666666666666665,0.7,2.7,2.0,0.1936966639631533
2024-12-21,4.812500000000001,2.8,6.9,5.699999999999999,0.3274189661019686
2024-12-22,1.8583333333333332,-0.6,6.4,14.4,0.37240925255686624
2024-12-23,1.4583333333333333,-0.1,2.6,13.3,0.22700976125536906
2024-12-24,1.4333333333333333,-0.3,3.0,2.1,0.25126451790725046
2024-12-25,3.6374999999999997,1.9,6.4,0.0,0.3280427799468069
2024-12-26,5.129166666666666,1.5,9.4,0.0,0.4665895429747573
2024-12-27,5.545833333333334,1.2,12.0,0.0,0.557811744591469
2024-12-28,1.8333333333333333,-0.2,5.6,0.0,0.34542585687825
2024-12-29,-2.345833333333333,-3.3,-0.4,0.0,0.19329281809671126
2024-12-30,-1.7916666666666667,-3.1,-0.6,0.0,0.18700440140344066
2024-12-31,-2.0708333333333333,-4.0,0.4,0.0,0.24534013295253518
2025-01-01,2.8958333333333335,0.5,5.4,3.0,0.3406571448055373
2025-01-02,0.19583333333333333,-0.6,3.6,16.7,0.27616327641171734
2025-01-03,-1.5250000000000001,-2.2,-0.7,0.0,0.15038205833295337
2025-01-04,-1.0833333333333333,-2.3,0.1,0.0,0.19695506889006217
2025-01-05,4.504166666666666,-2.6,9.1,15.8,0.5851813044990047
2025-01-06,6.3791666666666655,2.7,8.9,7.8,0.4659722843423678
2025-01-07,0.8083333333333332,-0.2,2.7,5.5,0.2475978532082855
2025-01-08,0.7375000000000002,-0.4,4.2,14.900000000000002,0.3137532097749081
2025-01-09,-0.32916666666666666,-2.3,4.8,12.9,0.37120408576648334
2025-01-10,-2.045833333333333,-4.3,-0.1,0.2,0.26024945407721384
2025-01-11,-2.1083333333333334,-2.8,-1.5,0.0,0.14584510921413124
2025-01-12,-1.4916666666666665,-2.2,-0.9,0.0,0.1533517906193291
2025-01-13,-3.4125,-6.1,-0.3,0.0,0.28922240337267424
2025-01-14,-1.15,-6.8,4.0,0.0,0.4624295579977087
2025-01-15,1.9666666666666666,0.0,3.3,0.2,0.30736322945256667
2025-01-16,0.1791666666666667,-0.9,1.5,0.0,0.2415611672156988
2025-01-17,1.2833333333333334,-0.9,4.3,0.0,0.382507468890315
2025-01-18,-1.5958333333333332,-4.8,3.8,0.0,0.42347411206264013
2025-01-19,-1.8125,-4.8,2.4,0.0,0.38769728899212463
2025-01-20,-1.4625000000000001,-5.7,3.7,0.4,0.45921055484479695
2025-01-21,2.283333333333333,-0.2,6.5,0.0,0.4835780411773988
2025-01-22,2.2416666666666667,1.1,4.3,5.1,0.3384864322599618
2025-01-23,1.925,0.5,3.8,10.0,0.34343689789212367
2025-01-24,5.4125000000000005,3.9,7.9,6.5,0.4518147339436207
2025-01-25,6.4375,4.1,8.4,11.2,0.4967691485893305
2025-01-26,1.9541666666666664,-0.7,6.0,6.6,0.5133754106555242
2025-01-27,6.820833333333333,4.6,8.9,4.0,0.520784940024782
2025-01-28,4.941666666666666,4.5,5.7,0.8,0.25821822652933246
2025-01-29,4.4125000000000005,3.5,5.2,5.5,0.30507915428704196
2025-01-30,3.204166666666667,0.9,5.3,9.4,0.4717342197583817
2025-01-31,0.7625000000000002,-0.9,3.6,0.0,0.428583946961413
2025-02-01,-0.1416666666666667,-2.0,3.7,0.0,0.4665036109636356
2025-02-02,0.11666666666666665,-2.5,5.0,0.0,0.5520420156305822
2025-02-03,0.36666666666666664,-2.7,5.1,0.0,0.5804432128754556
2025-02-04,-1.6833333333333333,-4.2,2.7,0.0,0.49251703605384484
2025-02-05,0.9291666666666668,-1.0,2.5,0.0,0.41455745395421395
2025-02-06,1.1041666666666667,-0.2,2.2,0.0,0.3523934731778262
2025-02-07,0.9291666666666666,0.2,2.0,0.0,0.30751684057772144
2025-02-08,4.658333333333333,0.8,8.9,0.0,0.7956028100311139
2025-02-09,2.5208333333333335,0.7,3.7,0.0,0.4456036627041377
2025-02-10,2.1,0.5,4.0,9.299999999999999,0.47941115164348674
2025-02-11,1.0666666666666667,-0.1,3.1,0.9000000000000001,0.44204419420973895
2025-02-12,0.5291666666666667,-1.7,2.0,0.0,0.46968836279930704
2025-02-13,-1.3875,-4.4,0.7,1.0000000000000002,0.5022144647905853
2025-02-14,-3.1625,-5.5,-1.5,0.0,0.4034394570986252
2025-02-15,-2.2833333333333337,-3.2,-0.9,0.2,0.3298233252642242
2025-02-16,-2.3333333333333335,-4.1,0.7,0.4,0.4830099695766565
2025-02-17,-2.4416666666666664,-5.6,2.1,0.0,0.6177702152698149
2025-02-18,-1.8499999999999999,-5.1,3.8,0.0,0.7014035858509315
2025-02-19,0.033333333333333326,-3.1,4.8,0.0,0.751287685649158
2025-02-20,5.283333333333333,0.9,9.2,0.2,1.0134820167406446
2025-02-21,10.45,8.3,14.3,0.7,1.072157481529984
2025-02-22,8.458333333333334,6.9,10.2,1.1,0.7513458542890394
2025-02-23,7.454166666666667,4.0,11.1,0.0,1.0774375341073286
2025-02-24,8.254166666666668,6.6,10.4,1.3,0.8265584466702641
2025-02-25,6.0874999999999995,4.3,9.2,16.8,0.8745939062198727
2025-02-26,3.8333333333333335,1.7,6.9,10.1,0.8291866895784373
2025-02-27,2.6749999999999994,1.8,4.3,4.699999999999999,0.5529235144197477
2025-02-28,1.3833333333333335,0.1,2.2,2.4,0.48239344702075543
2025-03-01,0.41250000000000003,-1.7,2.0,0.0,0.6175690143979322
2025-03-02,2.3375,-2.9,8.2,0.0,1.2013753618959646
2025-03-03,4.345833333333334,-1.0,9.8,0.0,1.3236094401994931
2025-03-04,6.974999999999999,1.0,12.4,0.0,1.5449432041546067
2025-03-05,8.15,2.4,14.8,0.0,1.7136808562231471
2025-03-06,10.200000000000001,5.7,15.9,0.0,1.7026238455245821
2025-03-07,9.816666666666668,6.2,15.7,0.0,1.645185384498641
2025-03-08,10.345833333333333,6.4,15.9,0.0,1.7018453274790444
2025-03-09,12.175000000000002,8.6,17.5,0.0,1.7803316134445235
2025-03-10,10.929166666666667,7.0,16.0,0.0,1.7411359778753528
2025-03-11,4.554166666666667,1.2,8.2,1.5,1.2122043937504323
2025-03-12,1.1291666666666667,-0.3,3.7,0.0,0.7871312949276302
2025-03-13,1.0041666666666667,-0.6,3.4,0.0,0.7930922878562494
2025-03-14,0.4458333333333333,-1.9,3.3,0.0,0.889805020872337
2025-03-15,1.3916666666666666,-1.9,5.6,0.0,1.139719185938194
2025-03-16,2.1875,-1.7,6.4,0.0,1.2505906953953418
2025-03-17,2.3625000000000003,-0.9,6.4,0.0,1.2139861893752817
2025-03-18,3.9041666666666663,-1.0,10.3,0.0,1.6478495430331446
2025-03-19,8.083333333333334,2.3,15.0,0.0,2.11114307607168
2025-03-20,10.458333333333334,5.5,16.3,0.0,2.153511025679337
2025-03-21,13.824999999999998,8.4,19.3,0.0,2.4527759015723243
2025-03-22,12.595833333333333,9.4,15.2,5.5,1.7418051194265167
2025-03-23,9.595833333333333,7.2,12.2,1.6,1.4761489805480814
2025-03-24,9.066666666666665,6.6,12.8,0.0,1.632266125949499
2025-03-25,7.033333333333334,3.0,10.6,0.1,1.6911226807713302
2025-03-26,5.3875,4.1,6.8,0.0,0.9526913244555592
2025-03-27,7.433333333333333,1.0,13.5,0.0,2.25766833402459
2025-03-28,8.441666666666666,5.1,13.9,0.0,1.9934634637883994
2025-03-29,5.820833333333333,2.0,9.6,2.0,1.6871488653428663
2025-03-30,6.329166666666666,3.6,10.4,1.3000000000000003,1.6491298093409048
2025-03-31,5.5625,3.4,9.4,0.7000000000000001,1.517017073134504
2025-04-01,6.554166666666667,3.5,10.6,0.0,1.7396675284475087
2025-04-02,9.791666666666666,4.4,14.6,0.0,2.3885864536189776
2025-04-03,12.533333333333333,7.7,18.5,0.0,2.731649758222151
2025-04-04,14.683333333333332,7.0,20.5,0.0,3.3058377521449342
2025-04-05,12.545833333333334,7.4,17.6,0.0,2.712972510675479
2025-04-06,6.279166666666668,2.5,11.6,0.0,2.0546214015235322
2025-04-07,6.308333333333333,1.2,12.5,0.0,2.315959046556249
2025-04-08,8.6875,1.9,14.2,0.0,2.681663925964456
2025-04-09,7.783333333333332,3.4,12.6,0.0,2.2624550297481307
2025-04-10,5.108333333333333,2.3,9.8,0.0,1.8471537654291763
2025-04-11,9.637500000000001,2.7,15.5,0.0,2.918170005204055
2025-04-12,15.0875,9.1,21.4,0.0,3.4614572933010384
2025-04-13,11.041666666666666,7.9,13.6,3.4000000000000004,2.08583725335892
2025-04-14,11.633333333333333,7.1,16.8,0.0,2.802385381688304
2025-04-15,12.675000000000002,10.4,16.2,2.0,2.263983395606684
2025-04-16,7.9125000000000005,6.0,10.8,0.2,1.7531810746856242
2025-04-17,4.433333333333333,3.6,5.4,3.6,0.9364457367909276
2025-04-18,6.208333333333333,4.0,9.3,0.0,1.7500705392212261
2025-04-19,10.033333333333333,4.5,15.8,0.0,2.987500876850274
2025-04-20,10.983333333333333,5.7,15.6,0.0,2.915712738024576
2025-04-21,9.258333333333333,6.4,11.6,0.0,2.002654204892104
2025-04-22,10.4375,7.8,14.8,0.6,2.444166392612391
2025-04-23,8.416666666666666,6.7,10.7,9.4,1.7288231665387788
2025-04-24,7.633333333333333,5.8,9.3,16.4,1.5808973252602079
2025-04-25,8.0,4.9,10.9,0.0,2.11553834231389
2025-04-26,11.416666666666666,4.1,16.8,0.0,3.5111838413436005
2025-04-27,13.445833333333335,9.6,17.8,0.0,3.039149913317981
2025-04-28,13.791666666666666,7.3,18.8,0.0,3.664742467675736
2025-04-29,16.104166666666668,9.6,21.3,0.0,3.994607427390019
2025-04-30,18.108333333333334,12.6,22.8,0.0,3.977104627284911
2025-05-01,19.75,14.7,25.1,0.0,4.227461515840722
2025-05-02,19.724999999999998,15.3,24.4,0.0,3.977534042068796
2025-05-03,13.554166666666665,7.8,18.9,7.200000000000001,3.693916728029996
2025-05-04,6.625,3.0,10.2,1.0,2.331995395641927
2025-05-05,6.258333333333333,2.3,10.0,0.1,2.389864378149927
2025-05-06,7.641666666666666,2.5,11.6,0.2,2.763779251725811
2025-05-07,8.3375,4.9,12.2,0.0,2.5578604809063266
2025-05-08,10.054166666666667,5.6,14.8,0.0,3.077439694140897
2025-05-09,11.029166666666667,5.6,15.6,0.0,3.3391177365657363
2025-05-10,13.316666666666668,7.6,18.4,0.0,3.7656427458934982
2025-05-11,15.841666666666667,9.2,21.4,0.0,4.349774326384906
2025-05-12,16.0,9.9,21.4,0.0,4.2647239883487496
2025-05-13,15.391666666666666,8.9,20.3,0.0,4.190481316066388
2025-05-14,15.7125,9.5,20.4,0.0,4.157200455552595
2025-05-15,9.933333333333332,6.2,15.3,0.0,3.158229702783425
2025-05-16,10.1,3.8,15.7,0.0,3.6498960966584786
2025-05-17,10.529166666666667,7.2,14.6,0.1,2.935461470398686
2025-05-18,8.337499999999999,6.1,12.0,0.6000000000000001,2.4287506736509155
2025-05-19,13.450000000000001,6.3,18.6,0.0,4.210213050258098
2025-05-20,15.645833333333334,11.0,19.7,0.0,3.8049978118362437
2025-05-21,12.245833333333332,7.2,17.0,0.7999999999999999,3.642035460813645
2025-05-22,8.308333333333334,4.4,11.9,0.2,2.779033640881402
2025-05-23,6.9375,2.6,11.4,2.0999999999999996,2.862605620277502
2025-05-24,8.908333333333333,4.4,12.9,8.0,3.048206304409584
2025-05-25,12.837499999999999,10.0,16.1,3.0,2.972169803539147
2025-05-26,11.370833333333332,8.2,15.0,0.5,2.9975720603919567
2025-05-27,12.358333333333334,9.8,14.4,11.0,2.5568626516361235
2025-05-28,12.941666666666668,11.6,16.1,21.0,2.5855539417750735
2025-05-29,13.691666666666668,10.4,16.1,0.2,2.98948183039663
2025-05-30,18.183333333333334,13.6,23.5,0.0,4.514077243773916
2025-05-31,20.933333333333334,16.5,25.5,15.7,4.645020587846366
2025-06-01,16.28333333333333,13.4,18.9,0.9,3.2031768684895146
2025-06-02,13.370833333333332,10.4,18.3,0.0,3.519168460161876
2025-06-03,15.625,10.4,20.5,0.3,4.27637197901543
2025-06-04,13.941666666666668,11.4,18.3,0.30000000000000004,3.3636260209364797
2025-06-05,12.766666666666666,10.5,15.3,9.5,2.706930249077971
2025-06-06,13.3375,10.7,17.4,8.5,3.263844059297946
2025-06-07,12.141666666666667,10.8,15.4,9.4,2.605002097754489
2025-06-08,10.291666666666668,7.7,12.3,9.1,2.447933728341809
2025-06-09,11.904166666666667,7.6,15.9,0.0,3.4820489927108835
2025-06-10,14.229166666666666,10.1,18.6,3.2,3.8046440290243937
2025-06-11,14.745833333333332,7.9,20.4,0.0,4.693913724705271
2025-06-12,20.354166666666668,13.1,25.8,0.0,5.552641890052813
2025-06-13,25.05,20.1,30.1,0.0,5.538895858680766
2025-06-14,22.037499999999998,18.9,27.7,2.1,4.834680543256512
2025-06-15,15.575000000000001,11.9,18.3,2.6,3.4566318440701322
2025-06-16,16.133333333333333,9.4,21.1,0.0,4.754603990593624
2025-06-17,18.912499999999998,13.9,23.5,0.0,4.66168661656161
2025-06-18,18.78333333333333,12.7,23.5,0.0,4.928705335227247
2025-06-19,18.141666666666666,13.0,22.8,0.0,4.6135877531216645
2025-06-20,18.883333333333336,13.5,24.2,0.0,4.920663905375935
2025-06-21,22.075,16.2,27.5,0.0,5.496472991898032
2025-06-22,23.075,15.3,30.9,1.4000000000000001,6.6189803839907215
2025-06-23,16.42083333333333,12.4,19.9,0.8,3.84118119056018
2025-06-24,16.954166666666666,9.7,22.5,0.0,5.094173228981899
2025-06-25,21.662499999999998,16.9,26.1,0.0,4.90122157217753
2025-06-26,18.02916666666667,16.0,22.0,20.1,3.5912684016460195
2025-06-27,16.4875,12.5,19.6,1.7999999999999998,3.735562019153008
2025-06-28,20.233333333333334,16.8,24.9,0.7000000000000001,4.421798975691547
2025-06-29,21.32083333333333,16.1,26.3,0.0,5.098555190068069
2025-06-30,24.166666666666668,18.1,29.2,0.0,5.698984107761029
2025-07-01,26.779166666666665,21.8,31.7,0.0,5.70977823274335
2025-07-02,24.729166666666668,16.0,33.1,2.3,7.148888076724048
2025-07-03,15.633333333333333,12.0,19.8,1.6,3.7897455460506873
2025-07-04,16.162499999999998,10.1,21.1,0.0,4.564089660161795
2025-07-05,17.441666666666666,12.7,23.3,0.0,4.640750410343548
2025-07-06,13.800000000000002,12.0,16.2,17.0,2.614308043998223
2025-07-07,12.8375,9.4,14.4,20.6,2.7599106905732995
2025-07-08,11.466666666666667,8.6,15.2,2.9000000000000004,3.022449346110067
2025-07-09,14.970833333333333,10.0,20.0,0.0,4.156270073559125
2025-07-10,16.945833333333336,10.2,21.8,0.0,4.734736181740493
2025-07-11,16.233333333333334,13.0,20.0,0.0,3.5934416099914306
2025-07-12,16.779166666666665,12.1,21.1,0.0,4.128868562875289
2025-07-13,18.095833333333335,13.5,23.5,0.0,4.505288472463139
2025-07-14,19.23333333333333,15.4,23.0,4.6000000000000005,4.04023334898021
2025-07-15,15.845833333333331,12.1,19.4,1.2000000000000002,3.586515898386908
2025-07-16,15.1,12.1,18.6,2.1999999999999997,3.298759213490528
2025-07-17,16.28333333333333,12.3,21.8,0.0,4.117793867469388
2025-07-18,19.95,13.3,25.4,0.0,5.12953102542808
2025-07-19,20.141666666666666,16.1,25.8,2.8,4.599620859595994
2025-07-20,18.004166666666666,15.2,23.1,10.7,3.902680108208581
2025-07-21,15.920833333333334,14.0,20.0,1.4,3.1910237266050694
2025-07-22,14.7875,12.2,17.5,8.4,2.8868845001034753
2025-07-23,15.933333333333332,12.5,19.3,0.1,3.3711832590926485
2025-07-24,15.370833333333332,13.7,17.9,2.5,2.5943085669711548
2025-07-25,16.8125,12.4,21.5,0.2,3.9674347375035475
2025-07-26,18.116666666666664,14.5,21.8,0.30000000000000004,3.670899533989848
2025-07-27,15.120833333333335,12.7,17.4,16.8,2.687428522818527
2025-07-28,13.308333333333332,11.7,16.1,2.7,2.4454872534623817
2025-07-29,14.133333333333335,11.0,18.1,5.0,3.1733919789774814
2025-07-30,14.633333333333335,11.8,19.0,1.3,3.229525439636144
2025-07-31,15.304166666666667,11.6,18.7,18.3,3.256609594868233
2025-08-01,15.316666666666668,12.5,18.2,3.7,2.903708919330549
2025-08-02,12.645833333333334,11.3,15.0,18.8,2.139217226242696
2025-08-03,14.808333333333332,10.7,18.6,0.5,3.329409035488685
2025-08-04,18.145833333333332,14.6,21.4,9.5,3.3858549336208257
2025-08-05,15.420833333333334,11.6,17.9,10.399999999999999,2.9945232797776105
2025-08-06,14.625,9.6,19.3,0.0,3.6052492294819904
2025-08-07,17.537499999999998,12.6,21.6,0.0,3.76174874617541
2025-08-08,19.191666666666666,15.8,23.4,0.0,3.596227284625856
2025-08-09,19.120833333333334,13.6,23.9,0.0,4.152125418114696
2025-08-10,17.037499999999998,11.1,21.8,0.0,3.9673732836949367
2025-08-11,20.766666666666666,15.1,27.0,0.0,4.601222743455363
2025-08-12,23.6875,18.7,29.8,0.0,4.748202876447475
2025-08-13,24.38333333333333,17.5,30.5,0.0,5.188776898913549
2025-08-14,23.45,18.8,28.4,0.0,4.329649098894397
2025-08-15,19.90833333333333,15.9,24.5,0.0,3.719280187374795
2025-08-16,15.720833333333337,14.5,17.0,0.1,1.769597743567313
2025-08-17,14.516666666666666,9.3,18.7,0.0,3.2834889384231825
2025-08-18,18.166666666666668,13.9,23.1,0.0,3.5878322233413082
2025-08-19,20.412499999999998,15.6,25.4,0.0,3.903793104739442
2025-08-20,15.041666666666666,13.1,18.9,0.0,2.5607949654657447
2025-08-21,14.545833333333334,9.9,19.2,0.0,3.168104557277229
2025-08-22,11.354166666666666,7.1,14.4,0.30000000000000004,2.509240414237402
2025-08-23,11.570833333333333,8.5,14.4,0.1,2.253715969999436
2025-08-24,13.033333333333333,8.8,17.8,0.0,2.8974184777980265
2025-08-25,15.166666666666666,9.8,20.5,0.0,3.348764555560206
2025-08-26,18.879166666666666,13.4,24.6,0.2,3.778589322679402
2025-08-27,17.795833333333334,13.9,21.9,1.0,3.071595212252165
2025-08-28,16.150000000000002,13.3,18.6,2.6,2.3629304978850936
2025-08-29,14.008333333333335,12.0,17.5,1.5,2.2345159443421614
2025-08-30,14.450000000000001,11.9,18.1,0.9,2.382917667761123
2025-08-31,15.5875,13.7,18.7,10.0,2.19436427660153
2025-09-01,14.745833333333332,12.6,18.3,1.3,2.261845003089112
2025-09-02,13.875,11.0,17.2,0.1,2.273350054205027
2025-09-03,15.804166666666667,13.0,19.8,0.30000000000000004,2.500683294284328
2025-09-04,14.845833333333331,12.6,17.5,2.1,2.0413967019466064
2025-09-05,13.083333333333334,10.6,16.5,1.0,2.097371469793979
2025-09-06,15.320833333333335,10.7,20.1,0.0,2.8096152055320465
2025-09-07,18.71666666666667,13.6,24.9,0.0,3.36047957555131
2025-09-08,17.058333333333334,14.0,19.9,9.0,2.2931128474199904
2025-09-09,11.845833333333331,9.3,13.6,39.0,1.6468161734545228
2025-09-10,13.225,9.4,17.2,0.1,2.295584097934233
2025-09-11,12.591666666666667,10.6,14.1,7.3,1.489504873314343
2025-09-12,11.466666666666667,9.2,14.5,1.1,1.745083481166791
2025-09-13,11.645833333333334,9.7,14.4,6.199999999999999,1.634412768020034
2025-09-14,12.070833333333331,9.1,14.9,1.2000000000000002,1.8203990617896162
2025-09-15,14.491666666666667,11.4,16.3,9.6,1.7874851760652188
2025-09-16,11.341666666666667,9.9,13.6,1.4000000000000001,1.385001753680994
2025-09-17,11.958333333333334,9.3,14.4,0.2,1.6403723377777195
2025-09-18,15.795833333333333,13.0,20.2,0.0,2.17343547766117
2025-09-19,18.425,13.4,24.2,0.0,2.834617938039642
2025-09-20,19.108333333333334,16.9,22.5,0.7,2.0535482458401066
2025-09-21,11.695833333333335,8.0,17.0,1.1,2.0540634562470506
2025-09-22,8.158333333333333,6.5,10.2,4.300000000000001,1.1441648547005974
2025-09-23,8.541666666666666,6.5,10.8,3.5,1.2353820065378784
2025-09-24,7.8625,6.8,9.0,4.800000000000001,0.8495347790002551
2025-09-25,6.508333333333333,6.0,7.3,2.7,0.610350629334184
2025-09-26,8.85,6.0,11.9,0.0,1.4063470077258964
2025-09-27,9.779166666666667,7.4,12.7,0.0,1.3606318814328069
2025-09-28,11.237499999999999,7.4,15.5,0.0,1.7466733825420506
2025-09-29,11.5875,8.8,14.5,0.1,1.462295524094933
2025-09-30,9.9375,7.2,13.1,0.30000000000000004,1.3844933722120107
2025-10-01,9.4375,6.2,13.6,0.0,1.5010018516148353
2025-10-02,8.766666666666666,6.0,12.6,0.0,1.3628453847674833
2025-10-03,8.479166666666666,6.5,10.6,4.699999999999999,1.0471772642673955
2025-10-04,10.129166666666665,7.6,13.8,12.3,1.3486220474055421
2025-10-05,8.195833333333333,7.3,9.7,4.7,0.7694973568090323
2025-10-06,9.179166666666667,7.4,10.6,1.7000000000000002,0.9084588478992773
2025-10-07,11.645833333333334,10.1,13.9,0.0,1.0643025842030083
2025-10-08,11.095833333333331,9.8,12.7,0.6,0.8986206188654017
2025-10-09,9.758333333333333,8.3,11.3,0.2,0.8584097827460397
2025-10-10,10.1625,8.0,12.9,0.1,1.0960784655163665
2025-10-11,10.454166666666667,8.5,12.5,0.0,0.9851802171020309
2025-10-12,9.820833333333333,7.9,11.4,0.0,0.8868703751697501
2025-10-13,10.804166666666665,8.8,12.4,1.1,0.9168710990921005
2025-10-14,9.325000000000001,7.8,10.7,0.2,0.7680487934373179
2025-10-15,9.491666666666665,8.2,11.1,0.30000000000000004,0.7604965167545223
2025-10-16,8.629166666666665,7.6,10.2,0.2,0.6861895910430903
2025-10-17,8.583333333333334,6.9,10.4,0.1,0.781993634509055
2025-10-18,8.145833333333334,6.3,10.6,0.0,0.8386269512790386
2025-10-19,8.816666666666668,5.9,12.0,0.1,1.008038500451657
2025-10-20,11.975,10.4,13.3,3.8,0.7648343626277809
2025-10-21,10.804166666666667,10.2,12.3,2.1,0.6150106864339089
2025-10-22,10.233333333333334,9.6,11.4,0.2,0.5488496881580864
2025-10-23,8.729166666666666,5.7,11.7,16.8,0.9326415003879889
2025-10-24,5.375,4.2,6.5,5.1000000000000005,0.4960774331307445
2025-10-25,6.029166666666666,4.1,6.8,13.399999999999999,0.543484406945616
2025-10-26,3.525,2.1,5.0,3.1,0.4956764692082999
2025-10-27,5.5625,4.3,6.4,24.0,0.4544015294124879
2025-10-28,7.866666666666667,5.2,9.0,9.600000000000001,0.6603325611784575
2025-10-29,9.3125,8.0,10.8,5.1,0.5887545388956744
2025-10-30,7.083333333333333,5.5,9.2,4.5,0.610768565264481
2025-10-31,8.333333333333334,5.5,10.7,0.0,0.7477328938342224
2025-11-01,9.783333333333333,7.7,12.4,6.3,0.7377914415878073
2025-11-02,7.495833333333334,5.6,9.4,3.6999999999999997,0.5982407460674867
2025-11-03,6.916666666666667,4.7,8.9,0.0,0.6043112064530322
2025-11-04,9.745833333333332,8.2,12.0,0.0,0.6299742736149533
2025-11-05,10.183333333333334,8.2,13.8,0.0,0.764047336367686
2025-11-06,9.4,7.9,11.5,0.0,0.5856338065302475
2025-11-07,9.645833333333334,6.7,13.6,0.0,0.8046713120426703
2025-11-08,8.308333333333335,5.7,10.8,0.7000000000000001,0.6473375676206456
2025-11-09,7.604166666666667,5.2,8.8,1.2000000000000002,0.5206123632392559
2025-11-10,5.45,3.1,6.8,1.5999999999999999,0.4752496795555873
2025-11-11,7.833333333333333,6.4,9.2,0.0,0.4485133818578943
2025-11-12,9.200000000000001,7.0,11.8,0.0,0.6087348705303594
2025-11-13,12.220833333333333,10.5,14.8,0.0,0.6305481435659569
2025-11-14,12.829166666666666,11.4,15.0,0.3,0.5794768652224781
2025-11-15,11.145833333333334,9.7,12.3,9.8,0.45823445771126703
2025-11-16,7.358333333333333,3.0,9.5,2.9000000000000004,0.6201575172080774
2025-11-17,1.0208333333333333,-0.8,2.7,2.1,0.33533136533807634
2025-11-18,0.8166666666666668,-0.7,2.9,0.7000000000000001,0.3314271453081064
2025-11-19,0.7625000000000001,-0.4,1.3,5.9,0.22378534868385494
2025-11-20,-0.7125,-1.2,-0.3,1.1,0.1477457824270376
2025-11-21,-1.375,-3.4,0.6,0.0,0.29519612685387325
2025-11-22,-2.670833333333333,-5.1,0.3,0.0,0.31157972841634285
2025-11-23,-1.4833333333333332,-4.1,1.3,4.3999999999999995,0.33150984060807104
2025-11-24,2.620833333333333,1.5,3.7,1.5,0.2613359840971755
2025-11-25,1.9791666666666667,1.5,3.0,3.3,0.2063272587170582
2025-11-26,0.4666666666666666,-1.3,1.4,0.1,0.25245371788902715
2025-11-27,0.9875000000000002,-1.2,3.3,0.9,0.33113812254390007
2025-11-28,4.958333333333333,3.5,5.9,5.700000000000001,0.2894914849174714
2025-11-29,6.279166666666668,4.8,7.9,0.8999999999999999,0.34414136654826605
2025-11-30,3.7083333333333335,0.9,7.1,3.9000000000000004,0.4299497189466088
2025-12-01,1.4124999999999999,0.2,3.1,0.0,0.2598845814668446
2025-12-02,3.3375,1.3,4.9,0.8999999999999999,0.31533595459542135
2025-12-03,4.541666666666667,3.7,5.3,2.8,0.22004412525339284
2025-12-04,3.8000000000000003,3.4,4.4,0.5,0.16663039082845837
2025-12-05,2.9875000000000003,2.4,3.6,0.0,0.17412698611533908
2025-12-06,5.045833333333333,2.4,7.3,4.2,0.3834980095056817
2025-12-07,8.362499999999999,6.7,11.6,12.4,0.4357503807126253
2025-12-08,10.9,9.8,11.9,4.300000000000001,0.31065416512950683
2025-12-09,9.341666666666667,8.4,10.3,0.0,0.27755669626855034
2025-12-10,9.070833333333333,7.3,9.9,0.1,0.31944139277120076
2025-12-11,5.8,4.7,6.9,0.0,0.2566068435958708
2025-12-12,6.258333333333333,4.8,7.7,0.0,0.29879369882105106
2025-12-13,5.183333333333334,4.1,6.1,0.0,0.23596144208062708
2025-12-14,3.8000000000000003,2.2,4.8,0.0,0.25182971471905347
2025-12-15,4.116666666666666,2.0,6.0,0.0,0.31584561147604695
2025-12-16,7.204166666666667,5.8,10.1,0.0,0.3725405432770181
2025-12-17,6.191666666666666,5.2,7.3,0.0,0.24923467317559692
2025-12-18,7.108333333333334,5.3,8.3,0.0,0.3087533839924624
2025-12-19,7.2875000000000005,3.1,8.7,1.4,0.4244081424691708
2025-12-20,5.3625,2.1,7.2,0.3,0.37375533217530515
2025-12-21,6.8374999999999995,4.0,9.5,0.2,0.4128939650383358
2025-12-22,3.233333333333333,0.1,5.8,0.0,0.35909458560285124
2025-12-23,0.7166666666666668,-0.4,2.0,0.0,0.20539656538944792
2025-12-24,-2.5708333333333333,-5.5,0.5,0.0,0.2676059190794139
2025-12-25,-3.525,-5.8,-1.1,0.0,0.22255875434899572
2025-12-26,0.45,-2.8,3.4,0.0,0.3277998895236885
2025-12-27,3.195833333333333,-1.9,7.8,0.0,0.47342606885918526
2025-12-28,0.12499999999999996,-1.7,2.9,0.0,0.2795145859547656
2025-12-29,-0.8958333333333334,-2.7,1.0,0.4,0.23754256120968315
2025-12-30,-1.0916666666666668,-2.8,0.2,0.0,0.21255184816994532
2025-12-31,-1.4666666666666668,-2.9,-0.5,0.0,0.18694598889377423
2026-01-01,-0.625,-1.7,0.2,5.6,0.17603948525350896
2026-01-02,-1.4791666666666667,-2.7,-0.3,8.4,0.18932905609328468
2026-01-03,-2.975,-3.7,-2.3,2.1,0.13233908207475337
2026-01-04,-3.891666666666667,-5.7,-2.6,3.0,0.1862377844443728
2026-01-05,-5.462500000000001,-6.7,-4.4,0.8999999999999999,0.14351675094488037
2026-01-06,-4.208333333333333,-5.4,-2.9,0.0,0.16632810198530226
2026-01-07,-4.191666666666666,-5.0,-2.4,1.3,0.17144783744775347
2026-01-08,-0.5166666666666667,-2.2,1.7,8.2,0.26935057505991344
2026-01-09,1.0458333333333334,-0.7,4.1,17.5,0.3292349392583957
2026-01-10,-4.670833333333333,-6.6,-1.1,9.5,0.24819227076958358
2026-01-11,-4.8999999999999995,-7.4,-2.6,0.0,0.23038884572137006
2026-01-12,1.8833333333333335,-2.2,5.9,5.5,0.4620072091319536
2026-01-13,5.441666666666667,4.4,6.9,0.0,0.306739616185806
2026-01-14,6.237500000000001,5.7,6.7,4.699999999999999,0.20314623024344988
2026-01-15,6.545833333333334,6.0,7.5,0.0,0.255230032747983
2026-01-16,6.6875,5.8,7.5,0.6000000000000001,0.27689865736809066
2026-01-17,6.991666666666666,5.4,9.8,0.0,0.45710510736624266
2026-01-18,5.2375,-1.2,9.6,0.0,0.6746805106721174
2026-01-19,0.9375,-1.3,4.1,1.3,0.3935088320305394
2026-01-20,1.4708333333333332,-0.3,3.5,0.0,0.34439324771130175
2026-01-21,2.466666666666667,0.9,4.1,0.0,0.3372490131853326
2026-01-22,3.0833333333333335,2.1,4.8,0.0,0.3239769735956563
2026-01-23,3.2624999999999997,2.1,5.0,0.0,0.34378101386257937
2026-01-24,2.25,0.0,4.2,0.0,0.39989640429859385
2026-01-25,-0.8999999999999999,-2.0,1.0,0.0,0.2893209607729687
2026-01-26,-1.8583333333333334,-2.8,-0.2,0.0,0.2580829690277778
2026-01-27,1.2583333333333335,-0.6,3.3,5.0,0.38391816654767635
2026-01-28,2.6416666666666666,0.3,3.3,1.4,0.3669871948941958
2026-01-29,-0.7125,-1.3,-0.1,0.2,0.19717860189587377
2026-01-30,0.8250000000000001,-1.2,2.6,0.1,0.3887350202707939
2026-01-31,3.5916666666666663,2.6,5.5,0.6000000000000001,0.3964941628906301
2026-02-01,2.8875000000000006,1.9,4.4,0.0,0.36194775455235684
2026-02-02,1.8416666666666668,0.8,3.2,0.0,0.34234835443241357
2026-02-03,2.2916666666666665,1.1,3.8,2.1,0.37768960741997964
2026-02-04,3.3958333333333335,2.2,5.4,0.0,0.441110070968791
2026-02-05,2.0124999999999997,0.3,4.0,0.0,0.4508918583784715
2026-02-06,0.7916666666666666,-0.2,2.6,2.7,0.37433638116793944
2026-02-07,-0.2333333333333333,-1.2,1.0,0.0,0.31887090772416155
2026-02-08,-0.05833333333333335,-1.1,1.4,0.0,0.3491730328914123
2026-02-09,0.025000000000000022,-1.0,2.1,0.0,0.397335158956633
2026-02-10,3.8166666666666664,1.9,6.0,0.8,0.5636398458680734
2026-02-11,6.945833333333333,5.9,8.0,11.399999999999999,0.4696856116846641
2026-02-12,5.7749999999999995,3.2,6.9,9.5,0.6041138342165218
2026-02-13,2.620833333333333,1.1,4.5,3.5,0.5102021792393503
2026-02-14,-2.625,-4.7,0.5,0.0,0.47688299740565093
2026-02-15,-2.9166666666666665,-5.2,-0.9,2.8,0.43256706874359274
2026-02-16,1.2874999999999999,-0.5,2.6,6.8,0.47903654609717733
2026-02-17,0.4666666666666666,-0.5,0.9,4.300000000000001,0.3133003179008093
2026-02-18,-0.16666666666666666,-1.4,1.3,1.7,0.42709903533864585
2026-02-19,1.0958333333333334,-0.1,2.5,6.0,0.4566809765926903
2026-02-20,1.8708333333333333,-0.2,4.5,1.8000000000000003,0.649905429857161
2026-02-21,6.420833333333333,4.8,8.7,4.0,0.7411154854588962
2026-02-22,8.629166666666666,7.9,9.2,12.600000000000001,0.47464718901716735
2026-02-23,6.8625,5.9,7.9,2.0,0.5584470230897491
2026-02-24,8.583333333333334,6.6,10.9,3.3,0.8903658111583765
2026-02-25,10.383333333333333,7.5,14.7,0.0,1.2508243075683974
2026-02-26,10.924999999999999,8.1,15.1,0.0,1.2774275124363987
2026-02-27,10.545833333333333,7.7,14.3,0.5,1.2437478471391803
2026-02-28,6.879166666666667,3.8,8.9,0.8,0.9671264432100314
2026-03-01,5.766666666666666,2.8,9.3,0.0,1.0591803336139067
2026-03-02,8.004166666666668,4.1,12.7,0.0,1.355035715056581
2026-03-03,9.341666666666667,6.1,14.0,0.0,1.387413797785391
2026-03-04,9.445833333333333,6.3,13.7,0.0,1.3688705654042623
2026-03-05,10.283333333333333,6.7,15.4,0.0,1.5534240391693228
2026-03-06,11.629166666666668,7.8,17.1,0.0,1.708755923390685
2026-03-07,11.045833333333334,7.9,16.0,0.0,1.5867458872676703
2026-03-08,10.904166666666667,6.9,16.4,0.0,1.735605101554868
2026-03-09,10.741666666666667,7.1,15.1,0.0,1.6072041009259541
2026-03-10,8.645833333333334,6.8,10.9,1.0,1.0817766202442527
2026-03-11,6.429166666666667,4.3,7.9,4.699999999999999,0.9422324932172069
2026-03-12,5.5874999999999995,2.6,8.7,0.0,1.2009762159636956
2026-03-13,4.854166666666667,1.8,6.9,10.299999999999999,1.0788791958357529
2026-03-14,0.3541666666666667,-0.5,1.7,9.0,0.5758602949328654
2026-03-15,2.8083333333333336,-0.2,6.5,0.0,1.1567374791296996
2026-03-16,4.4875,2.8,6.2,2.1,0.9034726740212365
2026-03-17,7.445833333333333,5.2,10.8,0.1,1.331348213808702
2026-03-18,8.041666666666666,4.4,12.4,0.0,1.6508238403918014
2026-03-19,8.916666666666666,5.3,13.9,0.0,1.7931932648823452
2026-03-20,7.633333333333333,4.3,12.0,0.0,1.6365803182349425
2026-03-21,6.695833333333333,3.3,10.1,0.0,1.5005855576636555
2026-03-22,7.2250000000000005,3.2,11.9,0.0,1.7563263774104636
2026-03-23,7.570833333333333,3.5,12.2,0.0,1.80324622614344
2026-03-24,9.516666666666667,5.2,14.0,0.0,1.9771989690131333
2026-03-25,3.5416666666666665,-0.1,8.1,6.8,1.5096231901182335
2026-03-26,-0.24583333333333335,-2.1,0.9,4.5,0.7602514307470065
2026-03-27,1.5458333333333334,-3.0,5.1,0.1,1.3933507693580274
2026-03-28,2.4,0.5,3.8,6.199999999999999,0.9396884071580189
2026-03-29,2.908333333333333,-0.1,6.0,1.9,1.3251390655011395
2026-03-30,2.8708333333333336,1.1,3.7,8.0,0.8735800786576187
2026-03-31,3.0124999999999997,0.5,5.6,0.0,1.2459622027722186
2026-04-01,5.329166666666667,1.5,10.2,0.0,1.8288724637887332
2026-04-02,4.3125,1.7,6.9,1.0,1.3667921068654971
2026-04-03,5.3875,1.5,8.8,0.4,1.7167551412109887
2026-04-04,9.7125,8.0,12.4,1.0,1.5984919582826527
2026-04-05,8.5625,4.2,10.8,0.5,1.8958536091348699
2026-04-06,6.566666666666667,1.6,11.5,0.0,2.1686195977370364
2026-04-07,10.854166666666666,5.7,16.7,0.0,2.715867582876313
2026-04-08,13.137500000000001,7.7,19.3,0.0,3.0417606360366545
2026-04-09,14.516666666666666,9.6,19.6,0.8,2.9795828864510203
2026-04-10,7.366666666666667,4.9,12.0,0.6,1.974393876269075
2026-04-11,9.795833333333334,4.8,15.9,3.9000000000000004,2.7331663773314543
2026-04-12,6.7,2.7,10.9,0.0,2.105467642803106
2026-04-13,5.795833333333333,4.4,7.4,1.2000000000000002,1.2379941313750433
2026-04-14,7.320833333333333,2.8,11.7,0.0,2.291034284800553
2026-04-15,11.1,6.1,15.5,0.0,2.7332370293886394
2026-04-16,11.083333333333334,8.4,14.4,0.0,2.201835086612513
2026-04-17,11.695833333333333,7.4,16.2,0.0,2.746905960861511
2026-04-18,11.545833333333334,8.2,15.2,3.3999999999999995,2.458391658084994
2026-04-19,7.333333333333333,5.1,10.3,3.0,1.8300180018026928
2026-04-20,4.745833333333334,2.2,7.8,0.0,1.7176962021215834
2026-04-21,6.041666666666667,1.6,10.4,0.0,2.2955206306060143
2026-04-22,9.204166666666667,4.0,14.8,0.0,2.903341766681811
2026-04-23,10.9625,6.3,16.3,0.0,2.9989535373753213
2026-04-24,9.65,4.3,15.0,0.0,2.9833252020005068
2026-04-25,10.554166666666665,5.6,16.0,0.0,3.0609703812797044
2026-04-26,9.808333333333332,4.7,15.1,0.0,3.0024646473827783
2026-04-27,11.379166666666668,7.0,16.4,0.0,3.0387144886005513
2026-04-28,11.883333333333333,7.0,16.7,0.0,3.1624272133415117
2026-04-29,12.108333333333334,7.2,17.3,0.0,3.2740175208203848
2026-04-30,11.7125,6.4,17.2,0.0,3.3634855033010114
2026-05-01,14.887500000000001,8.3,21.9,0.0,4.208275969419205
2026-05-02,16.3875,12.8,20.1,0.0,3.245646986635505
2026-05-03,13.520833333333334,10.7,16.0,0.5,2.5497734362917064
2026-05-04,12.395833333333334,10.3,15.2,2.8999999999999995,2.3783289790532023
2026-05-05,10.066666666666668,7.9,11.4,8.9,1.8662997610052614
2026-05-06,6.670833333333334,5.3,7.7,8.5,1.365184905472768
2026-05-07,7.520833333333333,4.5,11.0,0.0,2.3382236515590966
2026-05-08,10.729166666666666,6.9,14.5,0.0,2.8648464521232313
2026-05-09,13.395833333333334,8.6,18.2,0.0,3.5402330447798827
2026-05-10,11.920833333333334,8.5,14.9,2.9000000000000004,2.7687588977942896
2026-05-11,4.620833333333334,2.0,7.8,10.8,1.9988262949027638
2026-05-12,4.8999999999999995,1.5,7.8,0.2,2.119929607984508
2026-05-13,6.2625,4.5,7.5,7.5,1.5584174296830722
2026-05-14,4.575,2.9,5.9,5.9,1.456144793083307
2026-05-15,4.654166666666667,2.4,7.0,1.0,1.8180122436199067
2026-05-16,6.016666666666666,2.7,8.9,1.6,2.2489491740522363
2026-05-17,7.929166666666667,4.9,10.6,4.7,2.3398599995424645
2026-05-18,8.441666666666666,5.9,11.4,6.199999999999999,2.35432081194763
2026-05-19,9.416666666666666,5.4,12.4,2.0,2.766211930291796
2026-05-20,12.145833333333334,10.2,15.2,2.5000000000000004,2.582701228361753
2026-05-21,13.9375,9.6,18.5,0.0,3.6661868514673794
2026-05-22,18.008333333333333,11.7,23.7,0.0,4.821240034406518
2026-05-23,20.875,14.8,26.7,0.0,5.204370175298595
2026-05-24,20.933333333333334,15.6,26.1,0.0,4.913236043541275
2026-05-25,20.974999999999998,16.1,26.1,0.0,4.816229597518997
2026-05-26,22.433333333333334,16.3,28.1,0.0,5.446197154149624
2026-05-27,20.0625,15.5,24.4,0.0,4.465040846362195
2026-05-28,19.05,13.7,23.9,0.0,4.666137312153505
2026-05-29,22.01666666666667,17.0,26.8,0.0,4.956108228827651
2026-05-30,20.558333333333334,17.1,24.3,0.0,4.103703495108014
2026-05-31,16.920833333333334,13.1,18.9,0.0,3.342609568679494
2026-06-01,15.654166666666669,11.5,19.5,0.0,3.79186373940388
2026-06-02,13.995833333333332,10.4,16.6,7.9,3.1801247338384395
2026-06-03,12.745833333333332,10.1,15.6,6.6,2.8838767443148114
2026-06-04,11.949999999999998,9.6,12.9,7.6,2.18020520196771
2026-06-05,11.245833333333335,8.9,14.1,2.3,2.6772805222064804
2026-06-06,12.558333333333332,9.0,15.7,2.5,3.1821715263006602
2026-06-07,12.0625,8.9,15.8,0.0,3.182027279224684
2026-06-08,14.220833333333331,10.3,18.6,2.5,3.7481322841868177
2026-06-09,10.395833333333334,8.2,13.6,1.0,2.666000784517962
2026-06-10,9.741666666666667,7.2,12.4,4.6,2.558885284714804
2026-06-11,10.091666666666667,7.7,12.7,4.699999999999999,2.5441585269126166
2026-06-12,13.174999999999999,10.5,15.0,10.9,2.683325786112761
2026-06-13,13.695833333333333,10.9,16.5,0.0,3.0466284309059044
2026-06-14,11.758333333333333,8.7,14.0,0.0,2.783891131915655
2026-06-15,12.520833333333334,7.4,17.0,0.0,3.8460826693326
2026-06-16,17.991666666666664,14.4,21.6,0.5,3.9340789094517046
2026-06-17,18.516666666666666,14.5,22.1,0.0,4.1030449473243635
2026-06-18,23.416666666666668,17.4,28.9,0.0,5.730064210649965
2026-06-19,25.508333333333336,21.2,30.5,0.0,5.415523947974003
2026-06-20,24.295833333333334,20.5,28.4,0.0,4.85194286910288
2026-06-21,24.6375,20.4,28.7,0.0,5.013407637681815
2026-06-22,23.870833333333337,20.1,28.0,0.0,4.801940344011046
2026-06-23,23.533333333333335,18.4,28.1,0.0,5.276304830631697
2026-06-24,27.091666666666665,21.3,32.4,0.0,6.127581041189194
2026-06-25,28.52916666666667,23.8,32.7,0.0,5.6594642333132565
2026-06-26,29.150000000000002,23.9,34.7,0.0,6.313686392806521
2026-06-27,28.291666666666668,22.4,33.7,0.0,6.335087100164611
2026-06-28,24.025000000000002,19.5,27.3,1.2,4.771724338136606
2026-06-29,19.016666666666666,15.8,23.1,1.7,4.05924100575811
2026-06-30,17.8125,14.3,21.2,0.0,3.8129269834898163
2026-07-01,16.945833333333333,13.1,21.5,0.0,4.099322371544335
2026-07-02,16.691666666666666,12.7,20.2,0.0,3.8397096174691243
2026-07-03,15.362499999999999,10.7,19.8,0.0,4.060233692446243
2026-07-04,17.59166666666667,10.8,22.8,0.0,4.967636522288882
2026-07-05,17.2625,15.1,19.6,0.0,3.0083473233185125
2026-07-06,20.2375,14.8,25.3,0.0,4.975670884839515
2026-07-07,20.841666666666665,17.9,24.9,0.0,4.118713394832529
2026-07-08,18.84583333333333,15.9,22.1,0.0,3.668041571147708
2026-07-09,19.654166666666665,14.6,24.5,0.0,4.726438496392788
2026-07-10,21.2375,16.4,26.3,0.0,4.914322495427285
2026-07-11,22.762500000000003,17.1,28.2,0.0,5.393159798292914
2026-07-12,23.620833333333334,18.7,28.6,0.0,5.187184670169052
2026-07-13,22.9375,18.0,27.4,0.0,4.957204829947715
2026-07-14,23.400000000000002,19.5,27.2,0.0,4.524279505250967
2026-07-15,21.179166666666664,17.1,25.1,0.0,4.34968277344407
2026-07-16,21.78333333333333,17.0,25.7,0.0,4.591663252030049
2026-07-17,18.720833333333335,14.8,21.7,0.0,3.760330021188365
2026-07-18,16.1125,13.2,19.6,0.0,3.351334779527125
2026-07-19,13.458333333333334,10.6,16.9,0.0,3.053907343552457
2026-07-20,12.75,8.6,16.5,0.0,3.3299721346893176
2026-07-21,14.395833333333334,9.7,19.7,0.0,3.933288297955781
2026-07-22,13.933333333333332,10.6,17.0,0.0,3.0892005994566287
2026-07-23,14.0875,10.4,18.6,0.0,3.4994198041887192
2026-07-24,15.612499999999999,10.5,20.1,0.0,3.9508013242783786
2026-07-25,19.158333333333335,13.6,24.2,0.0,4.572160184372594
2026-07-26,17.175,14.8,18.9,1.3000000000000003,2.6789505437426877
2026-07-27,16.220833333333335,13.6,19.0,0.0,2.976864043558796
2026-07-28,19.866666666666667,12.1,26.2,0.0,5.300649238486207
2026-07-29,24.954166666666666,19.0,30.8,0.0,5.477340509412656
2026-07-30,23.45,17.6,27.5,0.0,4.8163986538514445
2026-07-31,19.854166666666668,16.1,23.7,0.0,3.832425318399768
2026-08-01,17.416666666666668,13.5,22.5,0.0,3.8800608397513696
2026-08-02,21.4375,15.3,28.1,0.0,5.127816470768205
2026-08-03,24.633333333333336,20.1,30.7,0.0,5.018628954226052
2026-08-04,23.941666666666663,20.7,27.9,0.0,4.045771661589378
2026-08-05,21.070833333333336,16.5,24.3,0.0,3.8986841215778334
2026-08-06,15.816666666666668,12.3,19.4,0.0,3.197814467418125
2026-08-07,14.966666666666669,9.7,19.3,0.0,3.6024717870974525
2026-08-08,18.82916666666667,12.5,24.8,0.0,4.530185969210609
2026-08-09,21.645833333333332,17.1,26.2,0.0,4.169674825641126
2026-08-10,19.895833333333332,15.0,24.0,0.0,3.9371213172935806
2026-08-11,18.108333333333334,12.4,24.2,0.0,4.266030190152182
2026-08-12,22.075,15.4,29.9,0.0,5.215971492788234
2026-08-13,25.191666666666666,18.6,32.8,0.0,5.526890761673959
2026-08-14,26.370833333333337,21.2,31.7,0.0,4.8486783260038795
2026-08-15,24.195833333333336,19.8,29.1,0.0,4.307447682435857
2026-08-16,19.145833333333332,16.2,22.5,0.0,3.0961749048654896
2026-08-17,16.066666666666666,14.3,18.2,4.2,2.2164086111308747
2026-08-18,16.604166666666668,14.6,18.4,5.0,2.205671662648107
2026-08-19,16.212500000000002,13.4,18.0,12.0,2.380596406449688
2026-08-20,15.354166666666666,12.9,18.5,0.3,2.540199063428139
2026-08-21,13.975,11.6,17.0,6.8999999999999995,2.371494526537921
2026-08-22,12.216666666666667,10.2,14.7,4.2,2.02837818357239
2026-08-23,12.379166666666668,8.3,16.6,0.0,2.7466492123580117
2026-08-24,14.766666666666667,10.0,18.7,0.0,3.008863098193602
2026-08-25,15.520833333333334,13.2,18.2,1.2,2.31376125882588
2026-08-26,17.608333333333334,13.6,21.8,0.0,3.121142754147861
2026-08-27,21.079166666666666,17.5,25.6,4.7,3.3758199934622533
2026-08-28,16.316666666666666,13.7,18.0,7.6,2.138819102831534
2026-08-29,15.725,12.5,18.6,2.0,2.4802468303000262
2026-08-30,16.370833333333334,14.1,19.0,0.4,2.244590310257023
2026-08-31,14.725,13.6,16.1,5.300000000000001,1.5115660564225906
2026-09-01,14.679166666666669,12.3,18.2,0.0,2.29647065646283
2026-09-02,14.545833333333334,11.8,17.5,0.0,2.2259203413001343
2026-09-03,16.733333333333334,14.6,19.2,1.2000000000000002,2.1136278512046833
2026-09-04,18.087500000000002,14.3,21.1,3.5,2.6436214775382285
2026-09-05,13.870833333333335,10.8,17.4,0.0,2.2748702956875455
2026-09-06,15.987499999999997,10.1,21.5,0.0,3.1563862798052043
2026-09-07,21.020833333333332,16.9,26.5,0.0,3.292845707885115
2026-09-08,17.537499999999998,13.9,20.4,3.6,2.4399745865349267
2026-09-09,12.233333333333333,9.9,14.6,1.9000000000000001,1.7442137198750272
2026-09-10,12.404166666666669,8.2,17.0,0.0,2.373790077908645
2026-09-11,13.833333333333334,10.5,17.0,0.0,2.1127836386838035
2026-09-12,15.299999999999999,12.4,18.3,0.0,2.0823753353860748
2026-09-13,14.966666666666669,13.8,16.1,9.8,1.2722871735290928
2026-09-14,16.895833333333332,14.8,20.5,0.0,2.0961387102013895
2026-09-15,19.837500000000002,15.8,25.1,0.0,2.8702266384794983
2026-09-16,13.420833333333334,10.9,16.2,2.1000000000000005,1.7758958840913595
2026-09-17,12.799999999999999,10.2,15.8,0.5,1.7675193819113426
2026-09-18,12.720833333333331,10.6,15.3,0.0,1.595292788163248
2026-09-19,14.945833333333333,11.6,18.2,0.0,2.00309835383929
2026-09-20,13.616666666666665,8.6,15.1,4.1,1.8832294857896426
2026-09-21,11.237499999999999,8.0,15.1,0.0,1.7960578791068231
2026-09-22,11.541666666666666,8.3,15.2,0.0,1.7661202122908182
2026-09-23,13.970833333333333,9.1,19.1,0.0,2.2722305794271405
2026-09-24,12.095833333333337,9.5,14.8,0.0,1.536099892642119
2026-09-25,13.979166666666666,8.9,20.2,0.0,2.3525250898320818
2026-09-26,15.887499999999998,13.0,20.5,0.0,2.0043275154564943
2026-09-27,16.65833333333333,11.8,21.9,0.0,2.3468023984789848
2026-09-28,19.220833333333335,16.1,23.5,0.0,2.1284919899466
2026-09-29,20.729166666666668,17.1,26.1,0.0,2.4090507623784183
2026-09-30,19.633333333333333,16.7,23.8,0.0,2.049676094263152
